{"cameraMode":{"drawMode":0,"name":"Shaded","section":"Shading Mode"},"sceneLighting":false,"audioPlay":false,"sceneViewState":{"m_AlwaysRefresh":false,"showFog":true,"showSkybox":false,"showFlares":true,"showImageEffects":true,"showParticleSystems":true,"showVisualEffectGraphs":true,"m_FxEnabled":true},"in2DMode":false,"pivot":{"x":1885.6925048828125,"y":455.4316101074219,"z":79.0198974609375},"rotation":{"x":0.025777457281947137,"y":-0.04078293591737747,"z":-0.0010552635649219156,"w":-0.9988444447517395},"size":609.4898071289063,"orthographic":false}