{"cameraMode":{"drawMode":0,"name":"Shaded","section":"Shading Mode"},"sceneLighting":false,"audioPlay":false,"sceneViewState":{"m_AlwaysRefresh":false,"showFog":true,"showSkybox":false,"showFlares":true,"showImageEffects":true,"showParticleSystems":true,"showVisualEffectGraphs":true,"m_FxEnabled":true},"in2DMode":false,"pivot":{"x":-1.066001057624817,"y":0.5013476014137268,"z":0.23857331275939942},"rotation":{"x":-0.26849091053009035,"y":0.5861765146255493,"z":-0.21450848877429963,"w":-0.7336879372596741},"size":0.7071067690849304,"orthographic":false}