{"cameraMode":{"drawMode":0,"name":"Shaded","section":"Shading Mode"},"sceneLighting":false,"audioPlay":false,"sceneViewState":{"m_AlwaysRefresh":false,"showFog":true,"showSkybox":false,"showFlares":true,"showImageEffects":true,"showParticleSystems":true,"showVisualEffectGraphs":true,"m_FxEnabled":true},"in2DMode":false,"pivot":{"x":3.604444980621338,"y":-0.10479679703712464,"z":0.5056506991386414},"rotation":{"x":0.1458456665277481,"y":0.23742161691188813,"z":-0.03607640787959099,"w":0.9597630500793457},"size":0.9039134383201599,"orthographic":false}