{"cameraMode":{"drawMode":0,"name":"Shaded","section":"Shading Mode"},"sceneLighting":true,"audioPlay":false,"sceneViewState":{"m_AlwaysRefresh":false,"showFog":true,"showSkybox":true,"showFlares":true,"showImageEffects":true,"showParticleSystems":true,"showVisualEffectGraphs":true,"m_FxEnabled":true},"in2DMode":false,"pivot":{"x":0.8980542421340942,"y":-0.16830945014953614,"z":0.12403595447540283},"rotation":{"x":-0.10252951830625534,"y":-0.8796830773353577,"z":0.4085771143436432,"w":-0.22078153491020204},"size":1.723549723625183,"orthographic":false}