{"cameraMode":{"drawMode":0,"name":"Shaded","section":"Shading Mode"},"sceneLighting":true,"audioPlay":false,"sceneViewState":{"m_AlwaysRefresh":false,"showFog":true,"showSkybox":true,"showFlares":true,"showImageEffects":true,"showParticleSystems":true,"showVisualEffectGraphs":true,"m_FxEnabled":true},"in2DMode":false,"pivot":{"x":1.5123872756958008,"y":-1.0413742065429688,"z":0.8664913773536682},"rotation":{"x":-0.3128671944141388,"y":0.13901083171367646,"z":-0.04648037999868393,"w":-0.9384728074073792},"size":6.918739318847656,"orthographic":false}