{"cameraMode":{"drawMode":0,"name":"Shaded","section":"Shading Mode"},"sceneLighting":false,"audioPlay":false,"sceneViewState":{"m_AlwaysRefresh":false,"showFog":true,"showSkybox":false,"showFlares":true,"showImageEffects":true,"showParticleSystems":true,"showVisualEffectGraphs":true,"m_FxEnabled":true},"in2DMode":false,"pivot":{"x":0.06112070754170418,"y":0.8141780495643616,"z":0.09028483182191849},"rotation":{"x":-0.0000012279954262339743,"y":-0.9994727969169617,"z":0.03280118852853775,"w":0.00030540069565176964},"size":2.4016332626342775,"orthographic":false}