{"cameraMode":{"drawMode":0,"name":"Shaded","section":"Shading Mode"},"sceneLighting":false,"audioPlay":false,"sceneViewState":{"m_AlwaysRefresh":false,"showFog":true,"showSkybox":true,"showFlares":true,"showImageEffects":true,"showParticleSystems":true,"showVisualEffectGraphs":true,"m_FxEnabled":true},"in2DMode":false,"pivot":{"x":20.57598876953125,"y":-2.422606945037842,"z":-33.742923736572269},"rotation":{"x":0.008004330098628998,"y":0.9674645066261292,"z":-0.030782055109739305,"w":0.2512151598930359},"size":20.949459075927736,"orthographic":false}