{"cameraMode":{"drawMode":0,"name":"Shaded","section":"Shading Mode"},"sceneLighting":false,"audioPlay":false,"sceneViewState":{"m_AlwaysRefresh":false,"showFog":true,"showSkybox":true,"showFlares":true,"showImageEffects":true,"showParticleSystems":true,"showVisualEffectGraphs":true,"m_FxEnabled":true},"in2DMode":false,"pivot":{"x":-1203.833251953125,"y":17.86542320251465,"z":18.532529830932618},"rotation":{"x":-0.13100625574588777,"y":0.01992255449295044,"z":-0.0026326081715524198,"w":-0.9911845922470093},"size":44.41374588012695,"orthographic":false}