{"cameraMode":{"drawMode":0,"name":"Shaded","section":"Shading Mode"},"sceneLighting":false,"audioPlay":false,"sceneViewState":{"m_AlwaysRefresh":false,"showFog":true,"showSkybox":true,"showFlares":true,"showImageEffects":true,"showParticleSystems":true,"showVisualEffectGraphs":true,"m_FxEnabled":true},"in2DMode":false,"pivot":{"x":1.7558567523956299,"y":-0.5439403653144836,"z":4.367793083190918},"rotation":{"x":-0.16366146504878999,"y":-0.24566230177879334,"z":0.04212150350213051,"w":-0.9545115828514099},"size":4.990319728851318,"orthographic":false}