{"cameraMode":{"drawMode":0,"name":"Shaded","section":"Shading Mode"},"sceneLighting":false,"audioPlay":false,"sceneViewState":{"m_AlwaysRefresh":false,"showFog":true,"showSkybox":true,"showFlares":true,"showImageEffects":true,"showParticleSystems":true,"showVisualEffectGraphs":true,"m_FxEnabled":true},"in2DMode":false,"pivot":{"x":576.8887329101563,"y":621.8031005859375,"z":-50.06517791748047},"rotation":{"x":-0.03179033100605011,"y":-0.029883233830332757,"z":0.0009505105554126203,"w":-0.9990531802177429},"size":580.4029541015625,"orthographic":false}